Name of Courier/Transporter,Consignment Tracking Link
4PX,https://www.4px.com/
7 horses Logistics,https://www.7horseslogistics.com/
A-1 International,https://www.a1international.in/
A3 Express,https://www.a3express.in/
ABT,https://abtlogistics.com/tracking.aspx
ACS,https://www.acscourier.net/
AJ Express,https://www.ajexpress.in/
AKR Express,https://www.akrexpress.in/
AN Post (Ireland),https://www.anpost.com/
ANL,https://www.anl.com.au/
ATS,https://www.atscourier.com/
AXL,https://www.axlcourier.com/
Air Star Xpress,https://www.airstarxpress.com/
Air State,https://www.airstate.in/
Airborne Intl,https://www.airbornecourier.com/
Airwings,https://www.airwingscourier.com/
Akash Ganga,https://www.akashganga.in/
AliExpress Standard Shipping,https://track.aliexpress.com/
Alleppey Parcel Service,https://www.alleppeyparcels.com/
Antron Express,https://www.antronexpress.com/
Aramex,https://www.aramex.com/ae/en/track/shipments
Ashok Airways,https://www.ashokairways.com/
Associated Road,https://www.associatedroad.com/
Atlantic,https://www.atlanticcourier.in/
BNL Air,https://www.bnlexpress.in/
BOM-GIM,https://www.bomgim.com/
BSA Logistics,https://www.bsalogistics.in/
Beacon,https://www.beaconcourier.in/
Bengal Force,https://www.bengalforce.in/
Bhavana Roadways,https://www.bhavanaroadways.com/
Bibha,https://www.bibhacourier.com/
Blazeflash,https://www.blazeflash.com/
Blue Dart,https://www.bluedart.com/
Bombino Express,https://www.bombinoexp.com/
Book My Packet,https://www.bookmypacket.com/
Bulgaria Post,https://www.bgpost.bg/
CJ Korea Express,https://www.cjlogistics.com/
CNZ Express,https://www.cnzexpress.com/
Canada Post,https://www.canadapost.ca/
Central Express,https://www.centralexpress.in/
Ceska Posta (Czech Republic),https://www.ceskaposta.cz/
China Post,https://www.chinapost.com.cn/
Chips Intl,https://www.chipsintl.com/
Chronopost,https://www.chronopost.fr/
Citipost,https://www.citipost.in/
City Express,https://www.cityexpress.in/
Concorde Express,https://www.concordeexpress.in/
Connect India,https://www.connectindia.in/
Continental Courier BD,https://www.continentalbd.com/
Correios Brasil,https://www.correios.com.br/
Courier Guy,https://www.courierguy.co.za/
Courier IT,https://www.courierit.in/
Criticalog,https://www.criticalog.com/
DCS,https://www.dcscourier.com/
DHL Global,https://www.dhl.com/
DHL India,https://www.dhl.com/in-en/home/tracking.html
DHL Sameday,https://www.dhlsameday.com/
DPD,https://www.dpd.com/
DTDC,https://www.dtdc.com/track-your-shipment/
Daakiyaa,https://www.daakiyaa.com/
Dakiya,https://www.dakiya.in/
Delex,https://www.delexcourier.com/
Delhivery,https://www.delhivery.com/
Delivree King,https://www.delivreeking.com/
Delnet Express,https://www.delnetexpress.com/
Deus India,https://www.deusindia.com/
Direct,https://www.directcourier.in/
Dotzot,https://www.dtdc.com/
Dreamco Express,https://www.dreamcoexpress.com/
E-Vahan,https://www.evahan.in/
EMS Korea,https://www.koreapost.go.kr/
EcoMerc,https://www.ecomerc.com/
Ecom Express,https://www.ecomexpress.in/
Elbex,https://www.elbexcourier.com/
Elta (Greece),https://www.elta.gr/
Emirates Post,https://www.emiratespost.ae/
Excess,https://www.excesscourier.in/
Expan,https://www.expancourier.com/
FSC,https://www.fsccourier.com/
Falcon,https://www.falconcourier.in/
Fardar,https://www.fardarcourier.com/
Faspeed,https://www.faspeedcourier.com/
Fast & First,https://www.fastandfirst.in/
FedEx,https://www.fedex.com/en-in/tracking.html
First Connections,https://www.firstconnections.in/
First Flight,https://firstflightme.com/advtracking
First Flight Canada,https://www.firstflight.ca/
Flight Despatch,https://www.flightdespatch.com/
Flyking,https://www.flyking.in/
Franch Express,https://www.franchexpress.com/
GMS Worldwide,https://www.gmsworldwide.com/
Gati,https://www.allcargogati.com/track-shipment
Global Mail Express,https://www.globalmailexpress.com/
GoJavas,https://www.gojavas.com/
Good Luck,https://www.goodluckcourier.com/
HighFly,https://www.highflycourier.com/
ICC World,https://www.iccworld.in/
ICL,https://www.iclcourier.com/
ICS,https://www.icscourier.in/
India Post,https://www.indiapost.gov.in/_layouts/15/dop.portal.tracking/trackconsignment.aspx
Infibeam,https://www.infibeam.com/
Inland World,https://www.inlandworld.com/
Innovex,https://www.innovexcourier.com/
International Post,https://www.internationalpost.in/
JV Express,https://www.jvexpress.in/
Jaipur Golden,https://www.jaipurgolden.com/
Jetline,https://www.jetlinecourier.com/
KGS Cargo,https://www.kgscargo.com/
Kenya Post,https://www.posta.co.ke/
Kesineni Cargo,https://www.kesinenecargo.com/
Khubani,https://www.khubanicourier.com/
King World Wide,https://www.kingworldwide.com/
KourierKonnect,https://www.kourierkonnect.com/
Lalji Mulji,https://www.lmtco.com/tracking-serices.html
Linex Solutions,https://www.linexsolutions.com/
Logi Buddy,https://www.logibuddy.com/
Ludhiana Express,https://www.ludhianaexpress.com/
MML Logistics,https://www.mmllogistics.com/
MSK Worldwide,https://www.mskworldwide.com/
Madhur,https://www.madhurcourier.com/
Madurai Radha Transport,https://www.madurairadha.com/
MailEx,https://www.mailexcourier.com/
Maruti Air,https://www.marutiair.com/
Max Pacific,https://www.maxpacific.in/
Megacity,https://www.megacitycourier.com/
Megharaj,https://www.megharajcourier.com/
Metroswift,https://www.metroswift.in/
Mettur Transport,https://www.metturtransport.com/
Mirakle,https://www.mirakle.in/
NONSTOP,https://www.nonstopcourier.com/
Nitco,https://www.nitcocourier.com/
Nuvo Ex,https://www.nuvoex.com/
OCS Worldwide,https://www.ocsworldwide.com/
Om International,https://www.ominternational.in/
Om Logistics,https://www.omlogistics.co.in/
Omni Express,https://www.omniexpress.in/
Ondot,https://www.ondotcourier.com/
Orbit Worldwide,https://www.orbitworldwide.com/
Overnite Express,https://www.overniteexpress.com/
Overseas Express,https://www.overseasexpress.in/
POS Malaysia,https://www.pos.com.my/
PRG EXPRESS,https://www.prgexpress.com/
PSS,https://www.psscourier.com/
Pacific Express,https://www.pacificexpress.in/
Palande,https://www.palandecourier.com/
Parcel Force,https://www.parcelforce.com/
Parcel2Go,https://www.parcel2go.com/
Parcelled,https://www.parcelled.in/
Parveen Express,https://www.parveenexpress.com/
Patel Roadways,https://www.patel-india.com/
Pavan,https://www.pavancourier.com/
Pick Speed,https://www.pickspeed.in/
Pickme Express,https://www.pickmeexpress.com/
Pickrr,https://www.pickrr.com/
Pigeon Express,https://www.pigeonexpress.in/
Pionexxco,https://www.pionexxco.com/
Polish Post,https://www.poczta-polska.pl/
Poonam,https://www.poonamcourier.com/
PostNL,https://www.postnl.nl/
Prime Express,https://www.primeexpress.in/
Prime Track,https://www.primetrack.in/
Priority Express,https://www.priorityexpress.in/
Procure,https://www.procurecourier.com/
Professional,https://www.tpcindia.com/
Purolator,https://www.purolator.com/
Pushpak,https://www.pushpakcourier.com/
Q Express,https://www.qexpress.in/
Quantium,https://www.quantium.in/
Rajdhani Air Express,https://www.rajdhaniair.com/
Rapidconnect,https://www.rapidconnect.in/
Red Express,https://www.redexpress.in/
Royal Mail,https://www.royalmail.com/
SCM For You,https://www.scmforyou.com/
SJ Worldwide,https://www.sjworldwide.com/
SM,https://www.smcourier.in/
SME Cargo,https://www.smecargo.com/
SRK Communique,https://www.srkcommunique.com/
ST,https://www.stcourier.in/
Safexpress,https://www.safexpress.com/
Satellite Cargo,https://www.satellitecargo.com/
Saudi Post,https://www.sp.com.sa/
Saurashtra Roadways,https://www.saurashtra.in/
Seko Logistics,https://www.sekologistics.com/
Sequel,https://www.sequelcourier.com/
Shree Anjani,https://www.shreeanjanicourier.com/
Shree Balaji,https://www.shreebalajiexpress.com/
Shree Laxmi,https://www.shreelaxmicourier.com/
Shree Mahabali,https://www.shreemahabalicourier.com/
Shree Mahavir,https://www.shreemahavircourier.com/
Shree Maruti,https://shreemaruti.com/track-shipment/
Shree Nandan,https://www.shreenandancourier.com/
Shree Tirupati,https://www.shreetirupaticourier.com/
Shri Karni,https://www.shrikarnicourier.com/
Shri Sai,https://www.shrisaicourier.com/
Sigma,https://www.sigmacourier.com/
Singapore Post,https://www.singpost.com/
Skycom Express,https://www.skycomexpress.com/
Skylark Express,https://www.skylarkexpress.in/
Skynet,https://www.skynetmalaysia.com/
Skynet India,https://www.skynetindia.co.in/
Snapdeal,https://www.snapdeal.com/
Soham International,https://www.sohaminternational.com/
Speed Express,https://www.speedexpress.in/
Speed Net Express,https://www.speednetexpress.com/
Speed and safe,https://www.speedandsafe.in/
Speedman Air,https://www.speedmanair.com/
Spoton,https://www.spotoncourier.com/
Steel City,https://www.steelcitycourier.com/
Suntika,https://www.suntikacourier.com/
Super Trade,https://www.supertradecourier.com/
Swapnex,https://www.swapnex.in/
Sweden Post,https://www.postnord.se/
Swiss Freight,https://www.swissfreight.com/
Swiss Post,https://www.post.ch/
TCI Freight,https://www.tcil.com/
TCI XPS,https://www.tciexpress.in/trackingdocket.aspx
TNT,https://www.fedex.com/en-in/tracking.html
Tanvi Express,https://www.tanviexpress.com/
Target Logistics,https://www.targetlogistics.in/
Team United,https://www.teamunitedcourier.com/
Tej Post,https://www.tejpost.com/
Toll Global Express,https://www.tollgroup.com/
Total,https://www.totalcourier.in/
Trackon,https://trackoncourier.com/Tracking/t1/SingleTracking
Trust-On,https://www.trust-on.in/
Turkish Post,https://www.ptt.gov.tr/
UBX,https://www.ubxcourier.com/
UC Global,https://www.ucglobal.in/
UCS,https://www.ucscourier.com/
UPS,https://www.ups.com/track
USPS,https://www.usps.com/
Uncle Parcels,https://www.uncleparcels.com/
Unique Express,https://www.uniqueexpress.in/
United Cargo,https://www.unitedcargo.in/
Universal Worldwide,https://www.universalworldwide.in/
V-Express,https://www.vexpress.in/
V-Trans,https://vtransgroup.com/tools/track-trace/
VRL,https://www.vrlgroup.in/
Vayu Seva,https://www.vayuseva.com/
Velex,https://www.velexcourier.com/
Vichare,https://www.vicharecourier.com/
Vietnam Post,https://www.vnpost.vn/
Vulcan Express,https://www.vulcanexpress.in/
Whipdart,https://www.whipdart.com/
World First,https://www.worldfirstcourier.com/
WorldNet Express,https://www.worldnetexpress.com/
Wow Express,https://www.wowexpress.in/
Xfas Logistics,https://www.xfaslogistics.com/
Xpressbees,https://www.xpressbees.com/shipment/tracking
Yanwen Express,https://www.yanwentech.com/
Yogayog,https://www.yogayogcourier.com/
Zodiac Express,https://www.zodiacexpress.in/
eKart (Flipkart),https://www.ekartlogistics.com/
eParcel,https://www.eparcel.in/
my Hermes,https://www.myhermes.co.uk/
mypacco,https://www.mypacco.com/
